<?xml version="1.0" encoding="UTF-8"?>
<DOCUMENT>
  <ROWSET>
    <ROW>
      <COLLECTION_ID>500120</COLLECTION_ID>
      <COLLECTION_DATE>08/03/2024</COLLECTION_DATE>
      <AMOUNT>600</AMOUNT>
      <INVOICE_ID>60296</INVOICE_ID>
      <INVOICE_DATE>08/03/2024</INVOICE_DATE>
      <CUST_NAME>Azad Faruq</CUST_NAME>
      <BILLING_MONTH>August   </BILLING_MONTH>
      <BILLING_YEAR>2024</BILLING_YEAR>
      <PAYMENT_METHOD>Cash</PAYMENT_METHOD>
      <TRX_ID/>
      <AREA_NAME>Mirpur Model</AREA_NAME>
      <POP_NAME>Shewrapara</POP_NAME>
      <SERVICE_NAME/>
      <PKG_NAME>Bronze</PKG_NAME>
      <CUST_PHONE>1956250020</CUST_PHONE>
      <CUST_ID>1198</CUST_ID>
    </ROW>
  </ROWSET>
</DOCUMENT>

