<?xml version="1.0" encoding="UTF-8"?>
<DOCUMENT>
  <ROWSET>
    <ROW>
      <INVOICE_ID>60235</INVOICE_ID>
      <CUSTOMER_FULL_NAME>Babor Khaled</CUSTOMER_FULL_NAME>
      <CUST_PHONE>1956250041</CUST_PHONE>
      <CUST_TYPE>Home</CUST_TYPE>
      <CUST_EMAIL>Babor@gmail.com</CUST_EMAIL>
      <INVOICE_DATE>10/21/2023</INVOICE_DATE>
      <B_FROM>October</B_FROM>
      <B_TO>October</B_TO>
      <BILLING_YEAR>2023</BILLING_YEAR>
      <DUE_DATE>10/21/2023</DUE_DATE>
      <STATUS>Paid</STATUS>
      <PACKAGE_NAME>Silver</PACKAGE_NAME>
      <PKG_PRICE>800</PKG_PRICE>
      <PKG_SPEED>35 Mbps</PKG_SPEED>
      <PKG_TYPE>Home</PKG_TYPE>
      <CONNECTION_TYPE>Shared</CONNECTION_TYPE>
      <OFFER_NAME>One Month Free</OFFER_NAME>
      <AREA_NAME>Mohammadpur</AREA_NAME>
      <POP_NAME>Mirpur - 10</POP_NAME>
      <EXTRA_SERVICE_NAME>IP TV</EXTRA_SERVICE_NAME>
      <SERVICE_PRICE>300</SERVICE_PRICE>
      <USAGE_ID/>
      <COLLECTION_ID/>
      <GROSS_TOTAL>2400</GROSS_TOTAL>
      <DISCOUNT>0</DISCOUNT>
      <NET_TOTAL>2400</NET_TOTAL>
      <COLLECTION_DATE>11/02/2023</COLLECTION_DATE>
      <PAYMENT_METHOD>bKash</PAYMENT_METHOD>
    </ROW>
  </ROWSET>
</DOCUMENT>

