<?xml version="1.0" encoding="UTF-8"?>
<DOCUMENT>
  <ROWSET>
    <ROW>
      <EXPENSE_ID>1003</EXPENSE_ID>
      <EXPENSE_DTLS_ID>1030</EXPENSE_DTLS_ID>
      <EXPENSE_DATE>07/14/2024</EXPENSE_DATE>
      <DAILY_TOTAL>600</DAILY_TOTAL>
      <ITEM_NAME>Mouse</ITEM_NAME>
      <QUANTITY>2</QUANTITY>
      <UNIT_PRICE>300</UNIT_PRICE>
      <UNIT_TYPE/>
      <SUBTOTAL>600</SUBTOTAL>
      <NOTE/>
      <NAME>Ayub Bachchu</NAME>
      <MONTH_YEAR>July     , 2024</MONTH_YEAR>
    </ROW>
    <ROW>
      <EXPENSE_ID>1002</EXPENSE_ID>
      <EXPENSE_DTLS_ID>1010</EXPENSE_DTLS_ID>
      <EXPENSE_DATE>07/14/2024</EXPENSE_DATE>
      <DAILY_TOTAL>17000</DAILY_TOTAL>
      <ITEM_NAME>Monitor</ITEM_NAME>
      <QUANTITY>2</QUANTITY>
      <UNIT_PRICE>8000</UNIT_PRICE>
      <UNIT_TYPE/>
      <SUBTOTAL>16000</SUBTOTAL>
      <NOTE/>
      <NAME>Abul Kashem</NAME>
      <MONTH_YEAR>July     , 2024</MONTH_YEAR>
    </ROW>
    <ROW>
      <EXPENSE_ID>1002</EXPENSE_ID>
      <EXPENSE_DTLS_ID>1020</EXPENSE_DTLS_ID>
      <EXPENSE_DATE>07/14/2024</EXPENSE_DATE>
      <DAILY_TOTAL>17000</DAILY_TOTAL>
      <ITEM_NAME>Keyboard</ITEM_NAME>
      <QUANTITY>2</QUANTITY>
      <UNIT_PRICE>500</UNIT_PRICE>
      <UNIT_TYPE/>
      <SUBTOTAL>1000</SUBTOTAL>
      <NOTE/>
      <NAME>Abul Kashem</NAME>
      <MONTH_YEAR>July     , 2024</MONTH_YEAR>
    </ROW>
    <ROW>
      <EXPENSE_ID>1001</EXPENSE_ID>
      <EXPENSE_DTLS_ID>1000</EXPENSE_DTLS_ID>
      <EXPENSE_DATE/>
      <DAILY_TOTAL/>
      <ITEM_NAME>Water</ITEM_NAME>
      <QUANTITY>10</QUANTITY>
      <UNIT_PRICE>20</UNIT_PRICE>
      <UNIT_TYPE>PC(s)</UNIT_TYPE>
      <SUBTOTAL>200</SUBTOTAL>
      <NOTE/>
      <NAME> </NAME>
      <MONTH_YEAR/>
    </ROW>
  </ROWSET>
</DOCUMENT>

