<?xml version="1.0" encoding="UTF-8"?>
<DOCUMENT>
  <ROWSET>
    <ROW>
      <OFFER_NAME>No Connection Charge</OFFER_NAME>
      <CONDITIONS>New User</CONDITIONS>
      <VALIDITY_START>01/01/2024</VALIDITY_START>
      <VALIDITY_STOP>12/31/2024</VALIDITY_STOP>
      <AMOUNT>1000</AMOUNT>
      <AREA_NAME>Mirpur Model</AREA_NAME>
    </ROW>
    <ROW>
      <OFFER_NAME>One Month Free</OFFER_NAME>
      <CONDITIONS>One Month Free for 3 Months Advance Bill</CONDITIONS>
      <VALIDITY_START>01/01/2024</VALIDITY_START>
      <VALIDITY_STOP>12/31/2024</VALIDITY_STOP>
      <AMOUNT/>
      <AREA_NAME>Mirpur Model</AREA_NAME>
    </ROW>
    <ROW>
      <OFFER_NAME>No Connection Charge</OFFER_NAME>
      <CONDITIONS>New User</CONDITIONS>
      <VALIDITY_START>01/01/2024</VALIDITY_START>
      <VALIDITY_STOP>12/31/2024</VALIDITY_STOP>
      <AMOUNT>1000</AMOUNT>
      <AREA_NAME>Pallabi</AREA_NAME>
    </ROW>
    <ROW>
      <OFFER_NAME>One Month Free</OFFER_NAME>
      <CONDITIONS>One Month Free for 3 Months Advance Bill</CONDITIONS>
      <VALIDITY_START>01/01/2024</VALIDITY_START>
      <VALIDITY_STOP>12/31/2024</VALIDITY_STOP>
      <AMOUNT/>
      <AREA_NAME>Pallabi</AREA_NAME>
    </ROW>
    <ROW>
      <OFFER_NAME>No Connection Charge</OFFER_NAME>
      <CONDITIONS>New User</CONDITIONS>
      <VALIDITY_START>01/01/2024</VALIDITY_START>
      <VALIDITY_STOP>12/31/2024</VALIDITY_STOP>
      <AMOUNT>1000</AMOUNT>
      <AREA_NAME>Darussalam</AREA_NAME>
    </ROW>
    <ROW>
      <OFFER_NAME>One Month Free</OFFER_NAME>
      <CONDITIONS>One Month Free for 3 Months Advance Bill</CONDITIONS>
      <VALIDITY_START>01/01/2024</VALIDITY_START>
      <VALIDITY_STOP>12/31/2024</VALIDITY_STOP>
      <AMOUNT/>
      <AREA_NAME>Darussalam</AREA_NAME>
    </ROW>
    <ROW>
      <OFFER_NAME>No Connection Charge</OFFER_NAME>
      <CONDITIONS>New User</CONDITIONS>
      <VALIDITY_START>01/01/2024</VALIDITY_START>
      <VALIDITY_STOP>12/31/2024</VALIDITY_STOP>
      <AMOUNT>1000</AMOUNT>
      <AREA_NAME>Mohammadpur</AREA_NAME>
    </ROW>
    <ROW>
      <OFFER_NAME>No Connection Charge</OFFER_NAME>
      <CONDITIONS>New User</CONDITIONS>
      <VALIDITY_START>01/01/2024</VALIDITY_START>
      <VALIDITY_STOP>12/31/2024</VALIDITY_STOP>
      <AMOUNT>1000</AMOUNT>
      <AREA_NAME>Sher-E-Bangla Nagar</AREA_NAME>
    </ROW>
    <ROW>
      <OFFER_NAME>No Connection Charge</OFFER_NAME>
      <CONDITIONS>New User</CONDITIONS>
      <VALIDITY_START>01/01/2024</VALIDITY_START>
      <VALIDITY_STOP>12/31/2024</VALIDITY_STOP>
      <AMOUNT>1000</AMOUNT>
      <AREA_NAME>Rupnagar</AREA_NAME>
    </ROW>
    <ROW>
      <OFFER_NAME>No Connection Charge</OFFER_NAME>
      <CONDITIONS>New User</CONDITIONS>
      <VALIDITY_START>01/01/2024</VALIDITY_START>
      <VALIDITY_STOP>12/31/2024</VALIDITY_STOP>
      <AMOUNT>1000</AMOUNT>
      <AREA_NAME>Shah Ali</AREA_NAME>
    </ROW>
    <ROW>
      <OFFER_NAME>No Connection Charge</OFFER_NAME>
      <CONDITIONS>New User</CONDITIONS>
      <VALIDITY_START>01/01/2024</VALIDITY_START>
      <VALIDITY_STOP>12/31/2024</VALIDITY_STOP>
      <AMOUNT>1000</AMOUNT>
      <AREA_NAME>Kalabagan</AREA_NAME>
    </ROW>
    <ROW>
      <OFFER_NAME>No Connection Charge</OFFER_NAME>
      <CONDITIONS>New User</CONDITIONS>
      <VALIDITY_START>01/01/2024</VALIDITY_START>
      <VALIDITY_STOP>12/31/2024</VALIDITY_STOP>
      <AMOUNT>1000</AMOUNT>
      <AREA_NAME>Dhanmondi</AREA_NAME>
    </ROW>
  </ROWSET>
</DOCUMENT>

