<?xml version="1.0" encoding="UTF-8"?>
<DOCUMENT>
  <ROWSET>
    <ROW>
      <PKG_ID>200</PKG_ID>
      <PKG_NAME>Bronze</PKG_NAME>
      <PKG_PRICE>600</PKG_PRICE>
      <NET_COST>200</NET_COST>
      <PKG_SPEED>25 Mbps</PKG_SPEED>
      <PKG_TYPE>Home</PKG_TYPE>
      <CONNECTION_TYPE>Shared</CONNECTION_TYPE>
      <TOTAL_CUSTOMERS>1</TOTAL_CUSTOMERS>
    </ROW>
    <ROW>
      <PKG_ID>201</PKG_ID>
      <PKG_NAME>Silver</PKG_NAME>
      <PKG_PRICE>800</PKG_PRICE>
      <NET_COST>250</NET_COST>
      <PKG_SPEED>35 Mbps</PKG_SPEED>
      <PKG_TYPE>Home</PKG_TYPE>
      <CONNECTION_TYPE>Shared</CONNECTION_TYPE>
      <TOTAL_CUSTOMERS>0</TOTAL_CUSTOMERS>
    </ROW>
    <ROW>
      <PKG_ID>202</PKG_ID>
      <PKG_NAME>Gold</PKG_NAME>
      <PKG_PRICE>1000</PKG_PRICE>
      <NET_COST>300</NET_COST>
      <PKG_SPEED>50 Mbps</PKG_SPEED>
      <PKG_TYPE>Home</PKG_TYPE>
      <CONNECTION_TYPE>Shared</CONNECTION_TYPE>
      <TOTAL_CUSTOMERS>0</TOTAL_CUSTOMERS>
    </ROW>
    <ROW>
      <PKG_ID>203</PKG_ID>
      <PKG_NAME>Diamond</PKG_NAME>
      <PKG_PRICE>1200</PKG_PRICE>
      <NET_COST>350</NET_COST>
      <PKG_SPEED>70 Mbps</PKG_SPEED>
      <PKG_TYPE>Home</PKG_TYPE>
      <CONNECTION_TYPE>Shared</CONNECTION_TYPE>
      <TOTAL_CUSTOMERS>0</TOTAL_CUSTOMERS>
    </ROW>
    <ROW>
      <PKG_ID>204</PKG_ID>
      <PKG_NAME>Platinum</PKG_NAME>
      <PKG_PRICE>1500</PKG_PRICE>
      <NET_COST>400</NET_COST>
      <PKG_SPEED>100 Mbps</PKG_SPEED>
      <PKG_TYPE>Home</PKG_TYPE>
      <CONNECTION_TYPE>Shared</CONNECTION_TYPE>
      <TOTAL_CUSTOMERS>2</TOTAL_CUSTOMERS>
    </ROW>
    <ROW>
      <PKG_ID>205</PKG_ID>
      <PKG_NAME>SME Cloud</PKG_NAME>
      <PKG_PRICE>2000</PKG_PRICE>
      <NET_COST>500</NET_COST>
      <PKG_SPEED>50 Mbps</PKG_SPEED>
      <PKG_TYPE>Corporate</PKG_TYPE>
      <CONNECTION_TYPE>Dedicated</CONNECTION_TYPE>
      <TOTAL_CUSTOMERS>0</TOTAL_CUSTOMERS>
    </ROW>
    <ROW>
      <PKG_ID>206</PKG_ID>
      <PKG_NAME>SME Sky</PKG_NAME>
      <PKG_PRICE>2500</PKG_PRICE>
      <NET_COST>550</NET_COST>
      <PKG_SPEED>85 Mbps</PKG_SPEED>
      <PKG_TYPE>Corporate</PKG_TYPE>
      <CONNECTION_TYPE>Dedicated</CONNECTION_TYPE>
      <TOTAL_CUSTOMERS>0</TOTAL_CUSTOMERS>
    </ROW>
    <ROW>
      <PKG_ID>207</PKG_ID>
      <PKG_NAME>SME Star</PKG_NAME>
      <PKG_PRICE>3000</PKG_PRICE>
      <NET_COST>600</NET_COST>
      <PKG_SPEED>120 Mbps</PKG_SPEED>
      <PKG_TYPE>Corporate</PKG_TYPE>
      <CONNECTION_TYPE>Dedicated</CONNECTION_TYPE>
      <TOTAL_CUSTOMERS>0</TOTAL_CUSTOMERS>
    </ROW>
    <ROW>
      <PKG_ID>208</PKG_ID>
      <PKG_NAME>Business Silver</PKG_NAME>
      <PKG_PRICE>3500</PKG_PRICE>
      <NET_COST>800</NET_COST>
      <PKG_SPEED>150 Mbps</PKG_SPEED>
      <PKG_TYPE>Corporate</PKG_TYPE>
      <CONNECTION_TYPE>Dedicated</CONNECTION_TYPE>
      <TOTAL_CUSTOMERS>0</TOTAL_CUSTOMERS>
    </ROW>
    <ROW>
      <PKG_ID>209</PKG_ID>
      <PKG_NAME>Business Gold</PKG_NAME>
      <PKG_PRICE>4000</PKG_PRICE>
      <NET_COST>900</NET_COST>
      <PKG_SPEED>200 Mbps</PKG_SPEED>
      <PKG_TYPE>Corporate</PKG_TYPE>
      <CONNECTION_TYPE>Dedicated</CONNECTION_TYPE>
      <TOTAL_CUSTOMERS>1</TOTAL_CUSTOMERS>
    </ROW>
  </ROWSET>
</DOCUMENT>

