<?xml version="1.0" encoding="UTF-8"?>
<DOCUMENT>
  <ROWSET>
    <ROW>
      <SERVICE_NAME>IP TV</SERVICE_NAME>
      <SERVICE_PRICE>300</SERVICE_PRICE>
      <SERVICE_TYPE>Monthly</SERVICE_TYPE>
      <TOTAL_CUSTOMERS>1</TOTAL_CUSTOMERS>
    </ROW>
    <ROW>
      <SERVICE_NAME>Real IP</SERVICE_NAME>
      <SERVICE_PRICE>300</SERVICE_PRICE>
      <SERVICE_TYPE>Monthly</SERVICE_TYPE>
      <TOTAL_CUSTOMERS>2</TOTAL_CUSTOMERS>
    </ROW>
    <ROW>
      <SERVICE_NAME>Real IP %26amp; IP TV</SERVICE_NAME>
      <SERVICE_PRICE>500</SERVICE_PRICE>
      <SERVICE_TYPE>Monthly</SERVICE_TYPE>
      <TOTAL_CUSTOMERS>1</TOTAL_CUSTOMERS>
    </ROW>
  </ROWSET>
</DOCUMENT>

