<?xml version="1.0" encoding="UTF-8"?>
<DOCUMENT>
  <ROWSET>
    <ROW>
      <TICKET_ID>70420</TICKET_ID>
      <CREATE_TIMESTAMP>08/04/2024</CREATE_TIMESTAMP>
      <END_TIMESTAMP>08/04/2024</END_TIMESTAMP>
      <TICKET_STATUS>Closed</TICKET_STATUS>
      <COMPLAINT>Test</COMPLAINT>
      <CUST_ID>1208</CUST_ID>
      <CUST_NAME>Adiba Tasnim</CUST_NAME>
      <CUST_PHONE>01956250030</CUST_PHONE>
      <CUST_TYPE>Corporate</CUST_TYPE>
      <PKG_NAME>Bronze</PKG_NAME>
      <AREA_NAME>Pallabi</AREA_NAME>
      <POP_NAME>Shewrapara</POP_NAME>
      <SUPPORT_AGENT>Fazlur Rahman</SUPPORT_AGENT>
    </ROW>
  </ROWSET>
</DOCUMENT>

