<?xml version="1.0" encoding="UTF-8"?>
<DOCUMENT>
  <ROWSET>
    <ROW>
      <Year>2024</Year>
      <Month>January  </Month>
      <Monthly_x0020_Operating_x0020_Cost>0</Monthly_x0020_Operating_x0020_Cost>
      <Monthly_x0020_Collectable>269800</Monthly_x0020_Collectable>
      <Collected_x0020_this_x0020_Month>0</Collected_x0020_this_x0020_Month>
      <Monthly_x0020_Salary>105000</Monthly_x0020_Salary>
      <Monthly_x0020_Internet_x0020_Cost>42450</Monthly_x0020_Internet_x0020_Cost>
      <Expected_x0020_Monthly_x0020_Profit>122350</Expected_x0020_Monthly_x0020_Profit>
      <Monthly_x0020_Profit>-147450</Monthly_x0020_Profit>
      <Monthly_x0020_Cost>147450</Monthly_x0020_Cost>
    </ROW>
    <ROW>
      <Year>2024</Year>
      <Month>February </Month>
      <Monthly_x0020_Operating_x0020_Cost>0</Monthly_x0020_Operating_x0020_Cost>
      <Monthly_x0020_Collectable>269800</Monthly_x0020_Collectable>
      <Collected_x0020_this_x0020_Month>0</Collected_x0020_this_x0020_Month>
      <Monthly_x0020_Salary>105000</Monthly_x0020_Salary>
      <Monthly_x0020_Internet_x0020_Cost>42450</Monthly_x0020_Internet_x0020_Cost>
      <Expected_x0020_Monthly_x0020_Profit>122350</Expected_x0020_Monthly_x0020_Profit>
      <Monthly_x0020_Profit>-147450</Monthly_x0020_Profit>
      <Monthly_x0020_Cost>147450</Monthly_x0020_Cost>
    </ROW>
    <ROW>
      <Year>2024</Year>
      <Month>March    </Month>
      <Monthly_x0020_Operating_x0020_Cost>0</Monthly_x0020_Operating_x0020_Cost>
      <Monthly_x0020_Collectable>269800</Monthly_x0020_Collectable>
      <Collected_x0020_this_x0020_Month>0</Collected_x0020_this_x0020_Month>
      <Monthly_x0020_Salary>105000</Monthly_x0020_Salary>
      <Monthly_x0020_Internet_x0020_Cost>42450</Monthly_x0020_Internet_x0020_Cost>
      <Expected_x0020_Monthly_x0020_Profit>122350</Expected_x0020_Monthly_x0020_Profit>
      <Monthly_x0020_Profit>-147450</Monthly_x0020_Profit>
      <Monthly_x0020_Cost>147450</Monthly_x0020_Cost>
    </ROW>
    <ROW>
      <Year>2024</Year>
      <Month>April    </Month>
      <Monthly_x0020_Operating_x0020_Cost>0</Monthly_x0020_Operating_x0020_Cost>
      <Monthly_x0020_Collectable>269800</Monthly_x0020_Collectable>
      <Collected_x0020_this_x0020_Month>0</Collected_x0020_this_x0020_Month>
      <Monthly_x0020_Salary>105000</Monthly_x0020_Salary>
      <Monthly_x0020_Internet_x0020_Cost>42450</Monthly_x0020_Internet_x0020_Cost>
      <Expected_x0020_Monthly_x0020_Profit>122350</Expected_x0020_Monthly_x0020_Profit>
      <Monthly_x0020_Profit>-147450</Monthly_x0020_Profit>
      <Monthly_x0020_Cost>147450</Monthly_x0020_Cost>
    </ROW>
    <ROW>
      <Year>2024</Year>
      <Month>May      </Month>
      <Monthly_x0020_Operating_x0020_Cost>0</Monthly_x0020_Operating_x0020_Cost>
      <Monthly_x0020_Collectable>269800</Monthly_x0020_Collectable>
      <Collected_x0020_this_x0020_Month>0</Collected_x0020_this_x0020_Month>
      <Monthly_x0020_Salary>105000</Monthly_x0020_Salary>
      <Monthly_x0020_Internet_x0020_Cost>42450</Monthly_x0020_Internet_x0020_Cost>
      <Expected_x0020_Monthly_x0020_Profit>122350</Expected_x0020_Monthly_x0020_Profit>
      <Monthly_x0020_Profit>-147450</Monthly_x0020_Profit>
      <Monthly_x0020_Cost>147450</Monthly_x0020_Cost>
    </ROW>
    <ROW>
      <Year>2024</Year>
      <Month>June     </Month>
      <Monthly_x0020_Operating_x0020_Cost>0</Monthly_x0020_Operating_x0020_Cost>
      <Monthly_x0020_Collectable>269800</Monthly_x0020_Collectable>
      <Collected_x0020_this_x0020_Month>0</Collected_x0020_this_x0020_Month>
      <Monthly_x0020_Salary>105000</Monthly_x0020_Salary>
      <Monthly_x0020_Internet_x0020_Cost>42450</Monthly_x0020_Internet_x0020_Cost>
      <Expected_x0020_Monthly_x0020_Profit>122350</Expected_x0020_Monthly_x0020_Profit>
      <Monthly_x0020_Profit>-147450</Monthly_x0020_Profit>
      <Monthly_x0020_Cost>147450</Monthly_x0020_Cost>
    </ROW>
    <ROW>
      <Year>2024</Year>
      <Month>July     </Month>
      <Monthly_x0020_Operating_x0020_Cost>14172</Monthly_x0020_Operating_x0020_Cost>
      <Monthly_x0020_Collectable>269800</Monthly_x0020_Collectable>
      <Collected_x0020_this_x0020_Month>27500</Collected_x0020_this_x0020_Month>
      <Monthly_x0020_Salary>105000</Monthly_x0020_Salary>
      <Monthly_x0020_Internet_x0020_Cost>42450</Monthly_x0020_Internet_x0020_Cost>
      <Expected_x0020_Monthly_x0020_Profit>108178</Expected_x0020_Monthly_x0020_Profit>
      <Monthly_x0020_Profit>-134122</Monthly_x0020_Profit>
      <Monthly_x0020_Cost>161622</Monthly_x0020_Cost>
    </ROW>
    <ROW>
      <Year>2024</Year>
      <Month>August   </Month>
      <Monthly_x0020_Operating_x0020_Cost>11531</Monthly_x0020_Operating_x0020_Cost>
      <Monthly_x0020_Collectable>271850</Monthly_x0020_Collectable>
      <Collected_x0020_this_x0020_Month>13300</Collected_x0020_this_x0020_Month>
      <Monthly_x0020_Salary>105000</Monthly_x0020_Salary>
      <Monthly_x0020_Internet_x0020_Cost>42750</Monthly_x0020_Internet_x0020_Cost>
      <Expected_x0020_Monthly_x0020_Profit>112569</Expected_x0020_Monthly_x0020_Profit>
      <Monthly_x0020_Profit>-145981</Monthly_x0020_Profit>
      <Monthly_x0020_Cost>159281</Monthly_x0020_Cost>
    </ROW>
    <ROW>
      <Year>2024</Year>
      <Month>September</Month>
      <Monthly_x0020_Operating_x0020_Cost>0</Monthly_x0020_Operating_x0020_Cost>
      <Monthly_x0020_Collectable>271850</Monthly_x0020_Collectable>
      <Collected_x0020_this_x0020_Month>0</Collected_x0020_this_x0020_Month>
      <Monthly_x0020_Salary>105000</Monthly_x0020_Salary>
      <Monthly_x0020_Internet_x0020_Cost>42750</Monthly_x0020_Internet_x0020_Cost>
      <Expected_x0020_Monthly_x0020_Profit>124100</Expected_x0020_Monthly_x0020_Profit>
      <Monthly_x0020_Profit>-147750</Monthly_x0020_Profit>
      <Monthly_x0020_Cost>147750</Monthly_x0020_Cost>
    </ROW>
    <ROW>
      <Year>2024</Year>
      <Month>October  </Month>
      <Monthly_x0020_Operating_x0020_Cost>0</Monthly_x0020_Operating_x0020_Cost>
      <Monthly_x0020_Collectable>271850</Monthly_x0020_Collectable>
      <Collected_x0020_this_x0020_Month>0</Collected_x0020_this_x0020_Month>
      <Monthly_x0020_Salary>105000</Monthly_x0020_Salary>
      <Monthly_x0020_Internet_x0020_Cost>42750</Monthly_x0020_Internet_x0020_Cost>
      <Expected_x0020_Monthly_x0020_Profit>124100</Expected_x0020_Monthly_x0020_Profit>
      <Monthly_x0020_Profit>-147750</Monthly_x0020_Profit>
      <Monthly_x0020_Cost>147750</Monthly_x0020_Cost>
    </ROW>
    <ROW>
      <Year>2024</Year>
      <Month>November </Month>
      <Monthly_x0020_Operating_x0020_Cost>0</Monthly_x0020_Operating_x0020_Cost>
      <Monthly_x0020_Collectable>271850</Monthly_x0020_Collectable>
      <Collected_x0020_this_x0020_Month>0</Collected_x0020_this_x0020_Month>
      <Monthly_x0020_Salary>105000</Monthly_x0020_Salary>
      <Monthly_x0020_Internet_x0020_Cost>42750</Monthly_x0020_Internet_x0020_Cost>
      <Expected_x0020_Monthly_x0020_Profit>124100</Expected_x0020_Monthly_x0020_Profit>
      <Monthly_x0020_Profit>-147750</Monthly_x0020_Profit>
      <Monthly_x0020_Cost>147750</Monthly_x0020_Cost>
    </ROW>
    <ROW>
      <Year>2024</Year>
      <Month>December </Month>
      <Monthly_x0020_Operating_x0020_Cost>0</Monthly_x0020_Operating_x0020_Cost>
      <Monthly_x0020_Collectable>271850</Monthly_x0020_Collectable>
      <Collected_x0020_this_x0020_Month>0</Collected_x0020_this_x0020_Month>
      <Monthly_x0020_Salary>105000</Monthly_x0020_Salary>
      <Monthly_x0020_Internet_x0020_Cost>42750</Monthly_x0020_Internet_x0020_Cost>
      <Expected_x0020_Monthly_x0020_Profit>124100</Expected_x0020_Monthly_x0020_Profit>
      <Monthly_x0020_Profit>-147750</Monthly_x0020_Profit>
      <Monthly_x0020_Cost>147750</Monthly_x0020_Cost>
    </ROW>
  </ROWSET>
</DOCUMENT>

